login,saml_name_id
nfischer,ICZA00000
ofischer,ICZA00001
anovak,ICZA00002
wokafor,
npetrov,ICZA00004
emeyer,ICZA00005
ikaur,ICZA00006
jnguyen,ICZA00007
wkovacs,ICZA00008
zkim,ICZA00009
ihaas,ICZA00010
msilva,ICZA00011
dduarte,ICZA00012
ykovacs,ICZA00013
nfischer14,ICZA00014
dsantos,ICZA00015
rpetrov,ICZA00016
smoreau,ICZA00017
jduarte,ICZA00018
iduarte,ICZA00019
npetrov20,ICZA00020
molsen,ICZA00021
pnakamura,ICZA00022
zolsen,ICZA00023
ookafor,ICZA00024
lsantos,ICZA00025
okim,ICZA00026
ikovacs,ICZA00027
nfischer28,ICZA00028
wnakamura,ICZA00029
asilva,ICZA00030
wduarte,ICZA00031
jkim,ICZA00032
lpetrov,ICZA00033
lduarte,ICZA00034
ahaugen,ICZA00035
llarsen,
kkaur,ICZA00037
lsantos38,ICZA00038
onguyen,ICZA00039
mmeyer,ICZA00040
akovacs,ICZA00041
slarsen,ICZA00042
jkim43,ICZA00043
jhaas,ICZA00044
nnovak,ICZA00045
oweber,ICZA00046
ameyer,ICZA00047
jsilva,ICZA00048
skim,ICZA00049
osantos,ICZA00050
ynguyen,ICZA00051
anakamura,ICZA00052
ysilva,ICZA00053
lnovak,ICZA00054
ysilva55,ICZA00055
msorensen,ICZA00056
smeyer,ICZA00057
dhaas,ICZA00058
dsilva,ICZA00059
lmoreau,ICZA00060
shaugen,ICZA00061
oweber62,ICZA00062
pnguyen,ICZA00063
shaugen64,ICZA00064
mfischer,ICZA00065
lfarrell,ICZA00066
kbianchi,ICZA00067
rhaas,ICZA00068
ntanaka,ICZA00069
inguyen,
ameyer71,ICZA00071
esilva,ICZA00072
epetrov,ICZA00073
jnovak,ICZA00074
opetrov,ICZA00075
nfischer76,ICZA00076
osantos77,ICZA00077
mkovacs,ICZA00078
apetrov,ICZA00079
smeyer80,ICZA00080
ifarrell,ICZA00081
nkovacs,ICZA00082
wnakamura83,ICZA00083
knakamura,ICZA00084
rmeyer,ICZA00085
dhaas86,ICZA00086
niqbal,ICZA00087
inakamura,ICZA00088
zkim89,ICZA00089
tsorensen,ICZA00090
afischer,
tkovacs,ICZA00092
onguyen93,ICZA00093
obianchi,ICZA00094
lfarrell95,ICZA00095
ksantos,ICZA00096
mkim,ICZA00097
tweber,ICZA00098
kmeyer,ICZA00099
rnguyen,ICZA00100
ikovacs101,ICZA00101
lsilva,ICZA00102
jfarrell,ICZA00103
tlarsen,ICZA00104
aduarte,ICZA00105
ysantos,ICZA00106
atanaka,ICZA00107
amoreau,ICZA00108
emoreau,ICZA00109
zsantos,ICZA00110
rnguyen111,ICZA00111
lfischer,ICZA00112
lmeyer,ICZA00113
rlarsen,ICZA00114
liqbal,ICZA00115
rpetrov116,ICZA00116
oweber117,ICZA00117
ymoreau,ICZA00118
skaur,ICZA00119
onovak,
asilva121,ICZA00121
ssilva,ICZA00122
osilva,ICZA00123
osilva124,ICZA00124
nmeyer,ICZA00125
iiqbal,ICZA00126
klarsen,ICZA00127
mtanaka,ICZA00128
mkaur,
khaas,ICZA00130
shaas,ICZA00131
stanaka,ICZA00132
olarsen,ICZA00133
asantos,ICZA00134
aokafor,ICZA00135
jmeyer,ICZA00136
nfischer137,ICZA00137
oduarte,ICZA00138
ifarrell139,ICZA00139
ihaugen,ICZA00140
mkovacs141,ICZA00141
nsilva,ICZA00142
aokafor143,ICZA00143
zolsen144,ICZA00144
anovak145,ICZA00145
nsorensen,ICZA00146
tfischer,ICZA00147
pweber,ICZA00148
opetrov149,ICZA00149
wpetrov,ICZA00150
ybianchi,ICZA00151
sfarrell,ICZA00152
smeyer153,ICZA00153
yfischer,ICZA00154
phaugen,ICZA00155
tiqbal,ICZA00156
knguyen,ICZA00157
tduarte,ICZA00158
lfischer159,ICZA00159
olarsen160,ICZA00160
znguyen,ICZA00161
ohaas,
riqbal,ICZA00163
tsilva,ICZA00164
khaugen,ICZA00165
wweber,ICZA00166
polsen,ICZA00167
aduarte168,ICZA00168
tkovacs169,ICZA00169
wkim,ICZA00170
ofarrell,ICZA00171
nkim,ICZA00172
rsilva,ICZA00173
sfischer,ICZA00174
wfischer,ICZA00175
tpetrov,ICZA00176
rbianchi,ICZA00177
mnovak,ICZA00178
mlarsen,ICZA00179
zmeyer,ICZA00180
dkovacs,ICZA00181
osantos182,ICZA00182
dmoreau,ICZA00183
rkovacs,ICZA00184
dkim,ICZA00185
osorensen,ICZA00186
yolsen,ICZA00187
wmeyer,ICZA00188
akim,ICZA00189
atanaka190,ICZA00190
yiqbal,ICZA00191
wolsen,ICZA00192
mkaur193,ICZA00193
osantos194,ICZA00194
khaas195,ICZA00195
kiqbal,ICZA00196
ookafor197,ICZA00197
efarrell,ICZA00198
nfischer199,ICZA00199
tmoreau,ICZA00200
rnakamura,ICZA00201
thaugen,ICZA00202
mlarsen203,ICZA00203
zweber,ICZA00204
mlarsen205,ICZA00205
wtanaka,ICZA00206
zkim207,ICZA00207
osantos208,ICZA00208
zolsen209,ICZA00209
rolsen,ICZA00210
aiqbal,ICZA00211
lhaugen,ICZA00212
pnguyen213,ICZA00213
dlarsen,ICZA00214
ahaugen215,ICZA00215
sokafor,ICZA00216
dfischer,ICZA00217
ptanaka,ICZA00218
rmeyer219,ICZA00219
asantos220,ICZA00220
llarsen221,ICZA00221
jduarte222,ICZA00222
ytanaka,ICZA00223
shaugen224,ICZA00224
iiqbal225,ICZA00225
alarsen,ICZA00226
nolsen,ICZA00227
nolsen228,ICZA00228
nlarsen,ICZA00229
dnovak,ICZA00230
lweber,ICZA00231
ilarsen,ICZA00232
rsantos,ICZA00233
lsorensen,ICZA00234
wweber235,ICZA00235
otanaka,ICZA00236
tlarsen237,ICZA00237
mhaas,ICZA00238
apetrov239,ICZA00239
plarsen,ICZA00240
tfischer241,ICZA00241
jsilva242,ICZA00242
ofarrell243,ICZA00243
yokafor,ICZA00244
nolsen245,ICZA00245
rkim,
rnakamura247,ICZA00247
kkaur248,ICZA00248
zhaugen,ICZA00249
jhaugen,ICZA00250
tfarrell,ICZA00251
lsorensen252,ICZA00252
wsantos,ICZA00253
lnakamura,ICZA00254
mfarrell,ICZA00255
asilva256,ICZA00256
rduarte,ICZA00257
lmeyer258,ICZA00258
lhaugen259,ICZA00259
ykovacs260,ICZA00260
ksantos261,ICZA00261
rolsen262,ICZA00262
ipetrov,
zhaugen264,ICZA00264
lnguyen,ICZA00265
rkim266,ICZA00266
rbianchi267,ICZA00267
oweber268,ICZA00268
wmoreau,ICZA00269
pmeyer,ICZA00270
afischer271,ICZA00271
jolsen,ICZA00272
osantos273,ICZA00273
otanaka274,ICZA00274
rfischer,ICZA00275
ekim,ICZA00276
nkaur,ICZA00277
ntanaka278,
pbianchi,ICZA00279
ahaugen280,ICZA00280
nbianchi,ICZA00281
tkim,ICZA00282
yiqbal283,ICZA00283
lnovak284,ICZA00284
ahaugen285,ICZA00285
mkaur286,ICZA00286
kfarrell,ICZA00287
onguyen288,
esilva289,ICZA00289
klarsen290,ICZA00290
molsen291,
psantos,ICZA00292
amoreau293,ICZA00293
khaugen294,ICZA00294
tokafor,ICZA00295
kkim,ICZA00296
msorensen297,ICZA00297
dkaur,ICZA00298
yhaugen,ICZA00299
zlarsen,ICZA00300
omoreau,ICZA00301
smoreau302,ICZA00302
ihaas303,ICZA00303
lsorensen304,ICZA00304
ikovacs305,ICZA00305
yhaugen306,ICZA00306
zlarsen307,ICZA00307
yhaugen308,ICZA00308
ohaugen,ICZA00309
lweber310,ICZA00310
skaur311,ICZA00311
tkovacs312,ICZA00312
liqbal313,ICZA00313
jpetrov,ICZA00314
ahaugen315,ICZA00315
ltanaka,ICZA00316
mnovak317,ICZA00317
spetrov,ICZA00318
rnakamura319,ICZA00319
atanaka320,ICZA00320
ltanaka321,
rnakamura322,ICZA00322
okaur,ICZA00323
nmeyer324,ICZA00324
dhaugen,ICZA00325
jsorensen,ICZA00326
lmoreau327,ICZA00327
anakamura328,ICZA00328
jsilva329,ICZA00329
oweber330,ICZA00330
dhaas331,ICZA00331
afischer332,ICZA00332
ybianchi333,ICZA00333
akovacs334,ICZA00334
ykim,ICZA00335
msorensen336,ICZA00336
ofischer337,
jtanaka,ICZA00338
liqbal339,ICZA00339
nnovak340,ICZA00340
rsantos341,ICZA00341
piqbal,ICZA00342
psorensen,ICZA00343
wbianchi,ICZA00344
llarsen345,ICZA00345
oiqbal,ICZA00346
lweber347,ICZA00347
okaur348,ICZA00348
isorensen,ICZA00349
ysilva350,ICZA00350
rlarsen351,ICZA00351
ameyer352,ICZA00352
zlarsen353,ICZA00353
zkim354,ICZA00354
alarsen355,ICZA00355
aduarte356,
afarrell,ICZA00357
yiqbal358,ICZA00358
esorensen,ICZA00359
ohaas360,ICZA00360
nbianchi361,ICZA00361
rkim362,ICZA00362
esilva363,ICZA00363
tpetrov364,ICZA00364
sfischer365,ICZA00365
llarsen366,ICZA00366
zokafor,ICZA00367
alarsen368,ICZA00368
ysantos369,ICZA00369
inguyen370,ICZA00370
zweber371,ICZA00371
diqbal,ICZA00372
snguyen,ICZA00373
rnovak,ICZA00374
mfarrell375,ICZA00375
snakamura,ICZA00376
isantos,ICZA00377
tkovacs378,ICZA00378
tpetrov379,ICZA00379
opetrov380,ICZA00380
emoreau381,ICZA00381
esantos,ICZA00382
ssantos,
znguyen384,ICZA00384
tmeyer,ICZA00385
niqbal386,ICZA00386
iokafor,ICZA00387
epetrov388,ICZA00388
lhaas,ICZA00389
nnakamura,ICZA00390
tkim391,ICZA00391
kolsen,ICZA00392
miqbal,ICZA00393
tiqbal394,ICZA00394
lfischer395,ICZA00395
esilva396,ICZA00396
oolsen,ICZA00397
skovacs,ICZA00398
nweber,ICZA00399
lsantos400,ICZA00400
lmeyer401,ICZA00401
oduarte402,ICZA00402
wsilva,ICZA00403
tfischer404,ICZA00404
pfischer,ICZA00405
dfischer406,ICZA00406
oweber407,ICZA00407
nolsen408,ICZA00408
abianchi,ICZA00409
afischer410,ICZA00410
molsen411,ICZA00411
mweber,
isorensen413,ICZA00413
kweber,ICZA00414
mfischer415,ICZA00415
oolsen416,ICZA00416
pbianchi417,ICZA00417
wnovak,ICZA00418
kkaur419,ICZA00419
pkovacs,ICZA00420
aduarte421,ICZA00421
riqbal422,ICZA00422
iokafor423,ICZA00423
wnguyen,ICZA00424
olarsen425,ICZA00425
isilva,ICZA00426
ahaas,ICZA00427
ebianchi,ICZA00428
rduarte429,ICZA00429
okaur430,ICZA00430
rfischer431,ICZA00431
wmoreau432,ICZA00432
rfarrell,ICZA00433
ahaugen434,ICZA00434
tfischer435,ICZA00435
tfarrell436,
nmeyer437,ICZA00437
rtanaka,ICZA00438
ipetrov439,ICZA00439
dduarte440,ICZA00440
lfischer441,ICZA00441
mmoreau,ICZA00442
smeyer443,ICZA00443
wiqbal,ICZA00444
asantos445,ICZA00445
npetrov446,ICZA00446
mokafor,ICZA00447
lmoreau448,ICZA00448
tmoreau449,ICZA00449
dnguyen,ICZA00450
mmeyer451,ICZA00451
lnovak452,ICZA00452
jfischer,ICZA00453
lsilva454,ICZA00454
lhaas455,ICZA00455
mhaas456,ICZA00456
mfischer457,ICZA00457
ilarsen458,ICZA00458
inguyen459,ICZA00459
wolsen460,ICZA00460
wduarte461,ICZA00461
nmoreau,ICZA00462
khaas463,ICZA00463
mnakamura,ICZA00464
ybianchi465,ICZA00465
tmoreau466,ICZA00466
yhaas,ICZA00467
afarrell468,
nweber469,ICZA00469
dfarrell,ICZA00470
dokafor,ICZA00471
lfischer472,ICZA00472
rnguyen473,ICZA00473
pweber474,ICZA00474
olarsen475,ICZA00475
nnakamura476,ICZA00476
jpetrov477,ICZA00477
nhaas,ICZA00478
kduarte,
pkaur,ICZA00480
kduarte481,ICZA00481
kfischer,ICZA00482
rsorensen,ICZA00483
mmeyer484,ICZA00484
onguyen485,ICZA00485
asorensen,ICZA00486
anovak487,ICZA00487
pkim,ICZA00488
tlarsen489,ICZA00489
pduarte,ICZA00490
lbianchi,
nsantos,ICZA00492
tsorensen493,ICZA00493
ksorensen,ICZA00494
rkim495,ICZA00495
znovak,ICZA00496
lsorensen497,ICZA00497
tmeyer498,ICZA00498
nkim499,
rsilva500,ICZA00500
rsorensen501,ICZA00501
asorensen502,
ptanaka503,ICZA00503
nfischer504,ICZA00504
lnakamura505,ICZA00505
jmoreau,ICZA00506
tkim507,ICZA00507
rmeyer508,ICZA00508
niqbal509,ICZA00509
nnguyen,ICZA00510
emeyer511,ICZA00511
lsantos512,ICZA00512
rlarsen513,ICZA00513
lkim,ICZA00514
diqbal515,ICZA00515
rweber,ICZA00516
tduarte517,ICZA00517
mhaas518,ICZA00518
rtanaka519,ICZA00519
alarsen520,ICZA00520
kkovacs,ICZA00521
kkim522,
nokafor,ICZA00523
nhaugen,ICZA00524
ilarsen525,ICZA00525
ameyer526,ICZA00526
onguyen527,ICZA00527
pweber528,ICZA00528
dnakamura,ICZA00529
aduarte530,ICZA00530
ptanaka531,ICZA00531
tnakamura,ICZA00532
jlarsen,ICZA00533
ofischer534,ICZA00534
nweber535,ICZA00535
snguyen536,ICZA00536
mbianchi,ICZA00537
zmoreau,ICZA00538
tnakamura539,ICZA00539
emoreau540,ICZA00540
dkim541,ICZA00541
rbianchi542,ICZA00542
mbianchi543,ICZA00543
plarsen544,ICZA00544
tolsen,ICZA00545
lpetrov546,
sfarrell547,ICZA00547
ofischer548,ICZA00548
nhaas549,ICZA00549
tpetrov550,ICZA00550
riqbal551,ICZA00551
ymeyer,ICZA00552
pfarrell,ICZA00553
polsen554,ICZA00554
rhaas555,ICZA00555
mmeyer556,ICZA00556
anovak557,ICZA00557
zmeyer558,ICZA00558
eokafor,ICZA00559
aolsen,ICZA00560
shaugen561,ICZA00561
abianchi562,ICZA00562
yduarte,ICZA00563
whaas,ICZA00564
nduarte,ICZA00565
mlarsen566,ICZA00566
lmeyer567,ICZA00567
ttanaka,ICZA00568
mweber569,ICZA00569
ameyer570,ICZA00570
rolsen571,ICZA00571
lfarrell572,ICZA00572
rnovak573,ICZA00573
zweber574,ICZA00574
dsantos575,ICZA00575
nokafor576,ICZA00576
rhaas577,ICZA00577
rlarsen578,ICZA00578
lsantos579,ICZA00579
nmeyer580,ICZA00580
ymoreau581,ICZA00581
asorensen582,ICZA00582
lweber583,ICZA00583
nmoreau584,ICZA00584
wsorensen,ICZA00585
lsantos586,ICZA00586
plarsen587,ICZA00587
nlarsen588,ICZA00588
lnakamura589,ICZA00589
lnovak590,ICZA00590
kolsen591,
akovacs592,ICZA00592
yokafor593,ICZA00593
kduarte594,ICZA00594
efischer,ICZA00595
rhaas596,ICZA00596
ofischer597,ICZA00597
phaas,ICZA00598
lnovak599,ICZA00599
lolsen,ICZA00600
zhaas,ICZA00601
lfarrell602,ICZA00602
yhaugen603,ICZA00603
psantos604,ICZA00604
ekim605,ICZA00605
pduarte606,ICZA00606
jkim607,ICZA00607
rokafor,ICZA00608
mhaas609,ICZA00609
lnovak610,ICZA00610
jtanaka611,ICZA00611
rokafor612,
oweber613,ICZA00613
zpetrov,ICZA00614
jhaas615,ICZA00615
nkaur616,ICZA00616
piqbal617,ICZA00617
lbianchi618,ICZA00618
wlarsen,ICZA00619
nmoreau620,ICZA00620
pfarrell621,ICZA00621
solsen,ICZA00622
nnguyen623,ICZA00623
obianchi624,ICZA00624
ekovacs,ICZA00625
tfarrell626,ICZA00626
kpetrov,ICZA00627
nnguyen628,ICZA00628
oduarte629,ICZA00629
dkovacs630,ICZA00630
lmeyer631,ICZA00631
rokafor632,
tokafor633,ICZA00633
zsilva,ICZA00634
eokafor635,ICZA00635
tbianchi,ICZA00636
tkaur,
mfischer638,ICZA00638
ibianchi,ICZA00639
pnovak,ICZA00640
wkim641,ICZA00641
kmeyer642,ICZA00642
mnakamura643,ICZA00643
lokafor,ICZA00644
jmeyer645,ICZA00645
jnovak646,ICZA00646
anovak647,ICZA00647
jlarsen648,ICZA00648
khaugen649,
afarrell650,
kbianchi651,ICZA00651
dweber,ICZA00652
nkim653,ICZA00653
lweber654,ICZA00654
aokafor655,ICZA00655
ksantos656,ICZA00656
lkim657,ICZA00657
anovak658,ICZA00658
inakamura659,ICZA00659
tnovak,ICZA00660
lkaur,ICZA00661
anovak662,ICZA00662
itanaka,ICZA00663
jhaas664,ICZA00664
mhaas665,ICZA00665
llarsen666,ICZA00666
tfischer667,ICZA00667
osorensen668,ICZA00668
dokafor669,ICZA00669
nbianchi670,ICZA00670
tkim671,ICZA00671
etanaka,ICZA00672
rbianchi673,ICZA00673
yhaugen674,ICZA00674
jhaugen675,ICZA00675
ptanaka676,ICZA00676
klarsen677,ICZA00677
jduarte678,ICZA00678
inguyen679,ICZA00679
mkim680,ICZA00680
anovak681,ICZA00681
abianchi682,ICZA00682
nbianchi683,ICZA00683
jmoreau684,ICZA00684
mokafor685,
kmoreau,ICZA00686
onovak687,ICZA00687
nokafor688,ICZA00688
nolsen689,ICZA00689
osilva690,ICZA00690
ksantos691,ICZA00691
solsen692,ICZA00692
tpetrov693,ICZA00693
amoreau694,ICZA00694
mpetrov,ICZA00695
npetrov696,ICZA00696
yiqbal697,ICZA00697
riqbal698,ICZA00698
anguyen,ICZA00699
lkaur700,ICZA00700
tfarrell701,ICZA00701
ipetrov702,ICZA00702
lkaur703,ICZA00703
tkaur704,ICZA00704
eiqbal,ICZA00705
rkovacs706,ICZA00706
msilva707,ICZA00707
nhaugen708,ICZA00708
nfarrell,ICZA00709
mnakamura710,ICZA00710
mkim711,ICZA00711
jfarrell712,ICZA00712
msilva713,ICZA00713
rbianchi714,ICZA00714
elarsen,ICZA00715
afischer716,ICZA00716
phaugen717,ICZA00717
ssantos718,ICZA00718
pmoreau,ICZA00719
isantos720,ICZA00720
olarsen721,ICZA00721
oolsen722,ICZA00722
mlarsen723,ICZA00723
iolsen,ICZA00724
omeyer,
nfarrell726,ICZA00726
nsantos727,ICZA00727
dmeyer,ICZA00728
jolsen729,ICZA00729
lnakamura730,ICZA00730
jkovacs,ICZA00731
tsorensen732,ICZA00732
mnovak733,ICZA00733
rsorensen734,ICZA00734
khaugen735,ICZA00735
lolsen736,ICZA00736
solsen737,ICZA00737
kduarte738,ICZA00738
oweber739,ICZA00739
lnakamura740,ICZA00740
lkaur741,ICZA00741
ptanaka742,ICZA00742
jfarrell743,ICZA00743
thaugen744,ICZA00744
yiqbal745,ICZA00745
tiqbal746,ICZA00746
dfarrell747,ICZA00747
ymoreau748,
mweber749,ICZA00749
wmoreau750,ICZA00750
rpetrov751,ICZA00751
rbianchi752,ICZA00752
yweber,ICZA00753
lsorensen754,ICZA00754
zkovacs,ICZA00755
miqbal756,ICZA00756
otanaka757,ICZA00757
msorensen758,ICZA00758
mfischer759,ICZA00759
jmoreau760,ICZA00760
eokafor761,ICZA00761
lfarrell762,ICZA00762
ohaugen763,ICZA00763
yhaugen764,ICZA00764
ofischer765,ICZA00765
wsilva766,ICZA00766
iolsen767,ICZA00767
tkaur768,ICZA00768
rnguyen769,ICZA00769
mfischer770,ICZA00770
akovacs771,
ahaugen772,ICZA00772
dsantos773,ICZA00773
plarsen774,ICZA00774
tlarsen775,ICZA00775
znovak776,ICZA00776
nduarte777,ICZA00777
mkim778,ICZA00778
lmeyer779,ICZA00779
riqbal780,ICZA00780
dnakamura781,ICZA00781
ihaas782,ICZA00782
mhaugen,ICZA00783
akaur,
alarsen785,ICZA00785
ohaugen786,ICZA00786
lweber787,ICZA00787
skim788,ICZA00788
ynakamura,ICZA00789
tkim790,ICZA00790
ykim791,ICZA00791
lpetrov792,ICZA00792
wkovacs793,ICZA00793
ypetrov,ICZA00794
kiqbal795,ICZA00795
zkovacs796,ICZA00796
ahaas797,ICZA00797
wtanaka798,ICZA00798
rokafor799,ICZA00799
tokafor800,ICZA00800
sokafor801,ICZA00801
inakamura802,ICZA00802
aokafor803,ICZA00803
tpetrov804,ICZA00804
asilva805,ICZA00805
ookafor806,ICZA00806
lmeyer807,ICZA00807
esorensen808,ICZA00808
lnovak809,ICZA00809
tokafor810,ICZA00810
esorensen811,
anakamura812,ICZA00812
smeyer813,ICZA00813
rmeyer814,ICZA00814
mnguyen,ICZA00815
nokafor816,ICZA00816
ehaas,ICZA00817
tkim818,ICZA00818
ihaas819,ICZA00819
onovak820,ICZA00820
zpetrov821,ICZA00821
lsorensen822,ICZA00822
jokafor,ICZA00823
ohaas824,ICZA00824
ilarsen825,ICZA00825
oweber826,ICZA00826
tkaur827,ICZA00827
rkim828,ICZA00828
spetrov829,ICZA00829
lfischer830,ICZA00830
aduarte831,ICZA00831
rkaur,ICZA00832
pbianchi833,ICZA00833
nkaur834,ICZA00834
ahaugen835,ICZA00835
lmeyer836,ICZA00836
riqbal837,ICZA00837
mduarte,ICZA00838
lnguyen839,ICZA00839
lsantos840,ICZA00840
rfischer841,ICZA00841
osorensen842,ICZA00842
osorensen843,ICZA00843
jnovak844,ICZA00844
lhaugen845,ICZA00845
mfischer846,ICZA00846
ntanaka847,ICZA00847
ihaugen848,ICZA00848
lhaugen849,ICZA00849
mnakamura850,ICZA00850
iduarte851,ICZA00851
ohaas852,ICZA00852
pnovak853,
zlarsen854,ICZA00854
ssantos855,ICZA00855
mhaugen856,ICZA00856
nduarte857,ICZA00857
lokafor858,ICZA00858
tsorensen859,ICZA00859
okovacs,ICZA00860
ykaur,ICZA00861
jlarsen862,ICZA00862
pbianchi863,ICZA00863
mkim864,ICZA00864
mkaur865,ICZA00865
onguyen866,ICZA00866
rnguyen867,ICZA00867
mnovak868,ICZA00868
zsorensen,ICZA00869
llarsen870,ICZA00870
rfarrell871,ICZA00871
lkovacs,ICZA00872
zweber873,ICZA00873
rnguyen874,ICZA00874
kkaur875,ICZA00875
riqbal876,ICZA00876
lhaugen877,ICZA00877
isilva878,ICZA00878
wlarsen879,ICZA00879
snguyen880,ICZA00880
onguyen881,
omeyer882,ICZA00882
nnguyen883,ICZA00883
jpetrov884,ICZA00884
jpetrov885,ICZA00885
lkim886,ICZA00886
otanaka887,ICZA00887
solsen888,ICZA00888
jpetrov889,ICZA00889
tfischer890,ICZA00890
afischer891,ICZA00891
ysantos892,ICZA00892
kfischer893,ICZA00893
esorensen894,ICZA00894
kweber895,ICZA00895
eweber,ICZA00896
apetrov897,ICZA00897
mfischer898,ICZA00898
jbianchi,ICZA00899
tmeyer900,ICZA00900
pnovak901,ICZA00901
ehaugen,ICZA00902
ztanaka,ICZA00903
oweber904,ICZA00904
nkim905,ICZA00905
smoreau906,ICZA00906
pnovak907,
lpetrov908,ICZA00908
pweber909,ICZA00909
wkaur,ICZA00910
olarsen911,ICZA00911
oduarte912,
yfarrell,ICZA00913
jduarte914,ICZA00914
rkovacs915,ICZA00915
oduarte916,ICZA00916
kmeyer917,ICZA00917
rfischer918,ICZA00918
tsantos,ICZA00919
mnovak920,ICZA00920
rlarsen921,ICZA00921
jhaugen922,ICZA00922
rtanaka923,ICZA00923
rmoreau,ICZA00924
dfarrell925,ICZA00925
lnguyen926,ICZA00926
ktanaka,ICZA00927
llarsen928,ICZA00928
msantos,ICZA00929
mpetrov930,
pweber931,ICZA00931
mokafor932,ICZA00932
oolsen933,ICZA00933
mnakamura934,ICZA00934
psantos935,ICZA00935
ykaur936,ICZA00936
mkovacs937,ICZA00937
mhaugen938,ICZA00938
tweber939,ICZA00939
lokafor940,ICZA00940
ifischer,ICZA00941
afischer942,ICZA00942
akim943,ICZA00943
stanaka944,ICZA00944
yweber945,ICZA00945
ymeyer946,ICZA00946
rweber947,ICZA00947
afischer948,
sfarrell949,
lhaugen950,ICZA00950
anakamura951,ICZA00951
tlarsen952,ICZA00952
aolsen953,
ehaugen954,ICZA00954
snovak,ICZA00955
nduarte956,ICZA00956
zkim957,ICZA00957
lpetrov958,ICZA00958
rolsen959,ICZA00959
rsilva960,ICZA00960
epetrov961,ICZA00961
shaugen962,ICZA00962
lsantos963,ICZA00963
zfischer,ICZA00964
jnguyen965,ICZA00965
knakamura966,ICZA00966
nfischer967,ICZA00967
omoreau968,ICZA00968
liqbal969,ICZA00969
jolsen970,ICZA00970
omoreau971,ICZA00971
zolsen972,ICZA00972
iduarte973,ICZA00973
zduarte,ICZA00974
dnovak975,ICZA00975
oduarte976,ICZA00976
tolsen977,ICZA00977
wweber978,ICZA00978
kolsen979,ICZA00979
mfarrell980,ICZA00980
okovacs981,ICZA00981
mokafor982,ICZA00982
lokafor983,ICZA00983
rsorensen984,ICZA00984
ntanaka985,ICZA00985
rhaugen,ICZA00986
tbianchi987,ICZA00987
elarsen988,ICZA00988
dfischer989,ICZA00989
rsilva990,ICZA00990
oolsen991,ICZA00991
kokafor,
liqbal993,ICZA00993
rnovak994,ICZA00994
mduarte995,ICZA00995
ysilva996,ICZA00996
nhaugen997,ICZA00997
dmeyer998,ICZA00998
mkim999,ICZA00999
